1,Leonore,Kelledy,lkelledy0@gravatar.com,Female,223.125.157.112
2,Janeva,Brundall,jbrundall1@bravesites.com,Female,117.107.66.124
3,Jeffry,Sales,jsales2@bbc.co.uk,Male,211.31.173.192
4,Amargo,Thonger,athonger3@apache.org,Female,125.37.201.94
5,Abraham,Ryton,aryton4@loc.gov,Male,16.50.99.14
6,Chane,Artis,cartis5@php.net,Male,80.94.106.64
7,Teodoor,Enrique,tenrique6@parallels.com,Male,27.123.168.142
8,Leeland,Axelbee,laxelbee7@dot.gov,Male,167.53.237.69
9,Layney,Shadfourth,lshadfourth8@t-online.de,Female,233.214.124.38
10,Ignacio,Kasperski,ikasperski9@qq.com,Male,22.233.203.241
